{"cameraMode":{"drawMode":0,"name":"Shaded","section":"Shading Mode"},"sceneLighting":true,"audioPlay":false,"sceneViewState":{"m_AlwaysRefresh":false,"showFog":true,"showSkybox":true,"showFlares":true,"showImageEffects":true,"showParticleSystems":true,"showVisualEffectGraphs":true,"m_FxEnabled":true},"in2DMode":false,"pivot":{"x":1.3636987209320069,"y":28.77634620666504,"z":6.209221839904785},"rotation":{"x":0.6877597570419312,"y":-0.0032652367372065784,"z":0.0030951322987675668,"w":0.7259371280670166},"size":1.1277904510498047,"orthographic":false}