{"cameraMode":{"drawMode":0,"name":"Shaded","section":"Shading Mode"},"sceneLighting":true,"audioPlay":false,"sceneViewState":{"m_AlwaysRefresh":false,"showFog":true,"showSkybox":true,"showFlares":true,"showImageEffects":true,"showParticleSystems":true,"showVisualEffectGraphs":true,"m_FxEnabled":true},"in2DMode":false,"pivot":{"x":0.449396014213562,"y":74.74330139160156,"z":-7.040028095245361},"rotation":{"x":-0.6395578980445862,"y":0.000708644452970475,"z":-0.0005639814771711826,"w":-0.7687771916389465},"size":16.120683670043947,"orthographic":true}