{"cameraMode":{"drawMode":0,"name":"Shaded","section":"Shading Mode"},"sceneLighting":true,"audioPlay":false,"sceneViewState":{"m_AlwaysRefresh":false,"showFog":true,"showSkybox":true,"showFlares":true,"showImageEffects":true,"showParticleSystems":true,"showVisualEffectGraphs":true,"m_FxEnabled":true},"in2DMode":false,"pivot":{"x":-1.2574058771133423,"y":23.749168395996095,"z":-18.269451141357423},"rotation":{"x":-0.39071744680404665,"y":-0.004679497331380844,"z":0.00201481394469738,"w":-0.9205324649810791},"size":4.375120162963867,"orthographic":false}